,NM_MUNICIPIO,NM_VOTAVEL,QT_VOTOS,NM_LOCAL_VOTACAO
3074,MONGAGUÁ,RENATO CARVALHO DONATO,28,EMEF. REGINA MARIA
3589,MONGAGUÁ,RENATO CARVALHO DONATO,24,EMEF. IVONE DE ALMEIDA MONTEIRO
4053,MONGAGUÁ,RENATO CARVALHO DONATO,36,EMEF SIRANA KOUKDJIAN
4111,MONGAGUÁ,RENATO CARVALHO DONATO,28,EE. PROF. ARACY DA SILVA FREITAS
4560,MONGAGUÁ,RENATO CARVALHO DONATO,24,EMEF. VERA CRUZ
7597,MONGAGUÁ,RENATO CARVALHO DONATO,28,EMEF. HORTENCIA QUINTINO DE FARIA BOTELHO
9100,MONGAGUÁ,RENATO CARVALHO DONATO,17,EMEIEF SÍTIO DO PICA PAU AMARELO
11127,MONGAGUÁ,RENATO CARVALHO DONATO,23,EMEF. HORTENCIA QUINTINO DE FARIA BOTELHO
11128,MONGAGUÁ,RENATO CARVALHO DONATO,32,EMEF. FLÓRIDA MIRIM
66615,MONGAGUÁ,RODRIGO CARDOSO BIAGIONI,96,EMEF. TONICO SILVA
67094,MONGAGUÁ,RODRIGO CARDOSO BIAGIONI,102,EMEF. REGINA MARIA
68629,MONGAGUÁ,RODRIGO CARDOSO BIAGIONI,111,EMEF. JACOUB KOUKDJIAN
70647,MONGAGUÁ,RODRIGO CARDOSO BIAGIONI,96,EMEF. REGINA MARIA
73151,MONGAGUÁ,RODRIGO CARDOSO BIAGIONI,87,EE. PROF. ARACY DA SILVA FREITAS
79225,MONGAGUÁ,RENATO CARVALHO DONATO,42,EMEF. HORTENCIA QUINTINO DE FARIA BOTELHO
79231,MONGAGUÁ,RENATO CARVALHO DONATO,33,EMEF. PREFEITO CASSIMIRO CORREA NETO
146340,MONGAGUÁ,RODRIGO CARDOSO BIAGIONI,135,EMEF. HORTENCIA QUINTINO DE FARIA BOTELHO
148858,MONGAGUÁ,RODRIGO CARDOSO BIAGIONI,48,EMEIEF SÍTIO DO PICA PAU AMARELO
152832,MONGAGUÁ,RODRIGO CARDOSO BIAGIONI,129,EMEF. HORTENCIA QUINTINO DE FARIA BOTELHO
152841,MONGAGUÁ,RODRIGO CARDOSO BIAGIONI,101,EMEF. FLÓRIDA MIRIM
172422,MONGAGUÁ,RODRIGO CARDOSO BIAGIONI,114,EMEF. HORTENCIA QUINTINO DE FARIA BOTELHO
172941,MONGAGUÁ,RODRIGO CARDOSO BIAGIONI,82,EMEF. TONICO SILVA
174445,MONGAGUÁ,RODRIGO CARDOSO BIAGIONI,100,EE. PROF. AIDA LEDA BAUER DAVIES
174455,MONGAGUÁ,RODRIGO CARDOSO BIAGIONI,124,EE. AGENOR DE CAMPOS
175469,MONGAGUÁ,RODRIGO CARDOSO BIAGIONI,136,EMEF. PREFEITO CASSIMIRO CORREA NETO
175982,MONGAGUÁ,RODRIGO CARDOSO BIAGIONI,110,EMEF. IVONE DE ALMEIDA MONTEIRO
176954,MONGAGUÁ,RODRIGO CARDOSO BIAGIONI,131,EMEF. HORTENCIA QUINTINO DE FARIA BOTELHO
185524,MONGAGUÁ,RODRIGO CARDOSO BIAGIONI,98,EMEF. TONICO SILVA
186998,MONGAGUÁ,RODRIGO CARDOSO BIAGIONI,96,EE. AGENOR DE CAMPOS
187545,MONGAGUÁ,RODRIGO CARDOSO BIAGIONI,94,EE. PROF. AIDA LEDA BAUER DAVIES
189998,MONGAGUÁ,RODRIGO CARDOSO BIAGIONI,112,EMEIEF. PEQUENO PRÍNCIPE
190494,MONGAGUÁ,RODRIGO CARDOSO BIAGIONI,106,EMEF. FLÓRIDA MIRIM
191562,MONGAGUÁ,RODRIGO CARDOSO BIAGIONI,93,EMEF. VERA CRUZ
193102,MONGAGUÁ,RODRIGO CARDOSO BIAGIONI,89,EE. AGENOR DE CAMPOS
198290,MONGAGUÁ,RENATO CARVALHO DONATO,29,EMEF. IVONE DE ALMEIDA MONTEIRO
199304,MONGAGUÁ,RENATO CARVALHO DONATO,38,EMEIEF. PEQUENO PRÍNCIPE
228649,MONGAGUÁ,MÁRCIO MELO GOMES,115,EMEF. IVONE DE ALMEIDA MONTEIRO
229647,MONGAGUÁ,MÁRCIO MELO GOMES,124,EMEIEF. PROF. CÉLIA PUPO DE JESUS
230187,MONGAGUÁ,MÁRCIO MELO GOMES,82,EMEF. PROF. PEDRO FERNANDES DANTE
233684,MONGAGUÁ,MÁRCIO MELO GOMES,92,EMEF. PROF. PEDRO FERNANDES DANTE
234710,MONGAGUÁ,MÁRCIO MELO GOMES,130,EE. AGENOR DE CAMPOS
237174,MONGAGUÁ,MÁRCIO MELO GOMES,90,EE. AGENOR DE CAMPOS
237696,MONGAGUÁ,MÁRCIO MELO GOMES,130,EE. PROF. ARACY DA SILVA FREITAS
238676,MONGAGUÁ,MÁRCIO MELO GOMES,116,EMEIEF. PROF. CÉLIA PUPO DE JESUS
241216,MONGAGUÁ,MÁRCIO MELO GOMES,127,EMEF. REGINA MARIA
241651,MONGAGUÁ,VOTO BRANCO,5,EMEF. BARIGUI
241694,MONGAGUÁ,MÁRCIO MELO GOMES,120,EMEF. REGINA MARIA
243749,MONGAGUÁ,MÁRCIO MELO GOMES,107,EE. AGENOR DE CAMPOS
244727,MONGAGUÁ,MÁRCIO MELO GOMES,148,EE. PROF. AIDA LEDA BAUER DAVIES
245183,MONGAGUÁ,VOTO BRANCO,15,EMEF. BARIGUI
245782,MONGAGUÁ,MÁRCIO MELO GOMES,117,EMEF. IVONE DE ALMEIDA MONTEIRO
246200,MONGAGUÁ,VOTO BRANCO,11,EMEF. VERA CRUZ
246280,MONGAGUÁ,MÁRCIO MELO GOMES,130,EMEF. TONICO SILVA
246709,MONGAGUÁ,VOTO BRANCO,12,EMEF. HORTENCIA QUINTINO DE FARIA BOTELHO
247712,MONGAGUÁ,VOTO BRANCO,10,EMEF. VERA CRUZ
248222,MONGAGUÁ,VOTO BRANCO,7,EMEF. VERA CRUZ
361410,MONGAGUÁ,MÁRCIO MELO GOMES,138,EMEF. BARIGUI
365425,MONGAGUÁ,MÁRCIO MELO GOMES,136,EMEF. BARIGUI
365968,MONGAGUÁ,MÁRCIO MELO GOMES,124,EMEF. VERA CRUZ
366982,MONGAGUÁ,MÁRCIO MELO GOMES,116,EMEF. HORTENCIA QUINTINO DE FARIA BOTELHO
368466,MONGAGUÁ,MÁRCIO MELO GOMES,137,EMEF. VERA CRUZ
369445,MONGAGUÁ,MÁRCIO MELO GOMES,116,EMEF. VERA CRUZ
383241,MONGAGUÁ,RENATO CARVALHO DONATO,47,EE. AGENOR DE CAMPOS
384719,MONGAGUÁ,RENATO CARVALHO DONATO,36,EMEF. JACOUB KOUKDJIAN
385196,MONGAGUÁ,RENATO CARVALHO DONATO,34,EMEF. JACOUB KOUKDJIAN
412532,MONGAGUÁ,MÁRCIO MELO GOMES,110,EMEF. HORTENCIA QUINTINO DE FARIA BOTELHO
412995,MONGAGUÁ,MÁRCIO MELO GOMES,106,EMEF. PREFEITO CASSIMIRO CORREA NETO
458892,MONGAGUÁ,MÁRCIO MELO GOMES,116,EE. AGENOR DE CAMPOS
466324,MONGAGUÁ,MÁRCIO MELO GOMES,114,EMEF. HORTENCIA QUINTINO DE FARIA BOTELHO
467364,MONGAGUÁ,MÁRCIO MELO GOMES,127,EMEF. BARIGUI
468366,MONGAGUÁ,MÁRCIO MELO GOMES,94,EMEF. PREFEITO CASSIMIRO CORREA NETO
474447,MONGAGUÁ,MÁRCIO MELO GOMES,134,EMEF. BARIGUI
499230,MONGAGUÁ,MÁRCIO MELO GOMES,107,EMEF. JACOUB KOUKDJIAN
499747,MONGAGUÁ,MÁRCIO MELO GOMES,114,EMEF. JACOUB KOUKDJIAN
504930,MONGAGUÁ,RENATO CARVALHO DONATO,26,EMEF. IVONE DE ALMEIDA MONTEIRO
505302,MONGAGUÁ,MÁRCIO MELO GOMES,118,EMEIEF. PEQUENO PRÍNCIPE
505957,MONGAGUÁ,RENATO CARVALHO DONATO,28,EMEIEF. PROF. CÉLIA PUPO DE JESUS
505987,MONGAGUÁ,RENATO CARVALHO DONATO,33,EMEF. PROF. PEDRO FERNANDES DANTE
508008,MONGAGUÁ,RENATO CARVALHO DONATO,41,EMEF. PROF. PEDRO FERNANDES DANTE
509480,MONGAGUÁ,RENATO CARVALHO DONATO,24,EE. AGENOR DE CAMPOS
510011,MONGAGUÁ,RENATO CARVALHO DONATO,21,EE. AGENOR DE CAMPOS
510531,MONGAGUÁ,RENATO CARVALHO DONATO,29,EE. PROF. ARACY DA SILVA FREITAS
510805,MONGAGUÁ,MÁRCIO MELO GOMES,107,EMEIEF. PEQUENO PRÍNCIPE
510809,MONGAGUÁ,MÁRCIO MELO GOMES,105,EMEIEF. PROF. CÉLIA PUPO DE JESUS
510810,MONGAGUÁ,MÁRCIO MELO GOMES,121,EMEF. TONICO SILVA
511020,MONGAGUÁ,RENATO CARVALHO DONATO,30,EMEIEF. PROF. CÉLIA PUPO DE JESUS
511348,MONGAGUÁ,MÁRCIO MELO GOMES,112,EE. AGENOR DE CAMPOS
511578,MONGAGUÁ,RODRIGO CARDOSO BIAGIONI,97,EMEIEF. PROF. CÉLIA PUPO DE JESUS
511837,MONGAGUÁ,MÁRCIO MELO GOMES,119,EE. PROF. AIDA LEDA BAUER DAVIES
512046,MONGAGUÁ,MARCELO DOS SANTOS CONCEIÇÃO,2,EE. PROF. AIDA LEDA BAUER DAVIES
512050,MONGAGUÁ,MARCELO DOS SANTOS CONCEIÇÃO,4,EE. AGENOR DE CAMPOS
512067,MONGAGUÁ,RENATO CARVALHO DONATO,32,EMEF. REGINA MARIA
512105,MONGAGUÁ,RODRIGO CARDOSO BIAGIONI,86,EE. AGENOR DE CAMPOS
512526,MONGAGUÁ,RENATO CARVALHO DONATO,36,EMEF. REGINA MARIA
512562,MONGAGUÁ,MARCELO DOS SANTOS CONCEIÇÃO,1,EMEF. PREFEITO CASSIMIRO CORREA NETO
512631,MONGAGUÁ,RODRIGO CARDOSO BIAGIONI,91,EE. PROF. ARACY DA SILVA FREITAS
513027,MONGAGUÁ,RENATO CARVALHO DONATO,25,EE. AGENOR DE CAMPOS
513035,MONGAGUÁ,MARCELO DOS SANTOS CONCEIÇÃO,1,EMEF. IVONE DE ALMEIDA MONTEIRO
513042,MONGAGUÁ,MARCELO DOS SANTOS CONCEIÇÃO,2,EMEF. HORTENCIA QUINTINO DE FARIA BOTELHO
513047,MONGAGUÁ,RENATO CARVALHO DONATO,51,EE. PROF. AIDA LEDA BAUER DAVIES
513109,MONGAGUÁ,RODRIGO CARDOSO BIAGIONI,94,EE. AGENOR DE CAMPOS
513118,MONGAGUÁ,RODRIGO CARDOSO BIAGIONI,105,EE. PROF. ARACY DA SILVA FREITAS
513145,MONGAGUÁ,RODRIGO CARDOSO BIAGIONI,112,EMEF. VERA CRUZ
513353,MONGAGUÁ,MÁRCIO MELO GOMES,129,EMEF. JACOUB KOUKDJIAN
513534,MONGAGUÁ,RENATO CARVALHO DONATO,29,EMEF. IVONE DE ALMEIDA MONTEIRO
513559,MONGAGUÁ,RENATO CARVALHO DONATO,45,EMEF. TONICO SILVA
513862,MONGAGUÁ,MÁRCIO MELO GOMES,132,EMEF. REGINA MARIA
514147,MONGAGUÁ,RODRIGO CARDOSO BIAGIONI,94,EMEF. PROF. PEDRO FERNANDES DANTE
515566,MONGAGUÁ,MARCELO DOS SANTOS CONCEIÇÃO,2,EE. PROF. AIDA LEDA BAUER DAVIES
515906,MONGAGUÁ,MÁRCIO MELO GOMES,95,EMEF. PROF. PEDRO FERNANDES DANTE
516179,MONGAGUÁ,RODRIGO CARDOSO BIAGIONI,104,EMEF SIRANA KOUKDJIAN
516583,MONGAGUÁ,MARCELO DOS SANTOS CONCEIÇÃO,6,EE. AGENOR DE CAMPOS
518220,MONGAGUÁ,RODRIGO CARDOSO BIAGIONI,102,EMEF. REGINA MARIA
519130,MONGAGUÁ,RENATO CARVALHO DONATO,32,EMEF. BARIGUI
519658,MONGAGUÁ,RENATO CARVALHO DONATO,22,EMEF. BARIGUI
519669,MONGAGUÁ,RENATO CARVALHO DONATO,27,EMEF. VERA CRUZ
519958,MONGAGUÁ,MÁRCIO MELO GOMES,117,EMEIEF. PEQUENO PRÍNCIPE
520141,MONGAGUÁ,RENATO CARVALHO DONATO,27,EMEF. HORTENCIA QUINTINO DE FARIA BOTELHO
520169,MONGAGUÁ,RENATO CARVALHO DONATO,31,EMEF. VERA CRUZ
520181,MONGAGUÁ,RENATO CARVALHO DONATO,34,EMEF. VERA CRUZ
520219,MONGAGUÁ,RODRIGO CARDOSO BIAGIONI,85,EE. PROF. ARACY DA SILVA FREITAS
520726,MONGAGUÁ,RODRIGO CARDOSO BIAGIONI,105,EMEIEF. PEQUENO PRÍNCIPE
520867,MONGAGUÁ,MÁRCIO MELO GOMES,102,EMEF. PROF. PEDRO FERNANDES DANTE
521169,MONGAGUÁ,VOTO NULO,18,EMEF. HORTENCIA QUINTINO DE FARIA BOTELHO
521217,MONGAGUÁ,RODRIGO CARDOSO BIAGIONI,122,EMEF. IVONE DE ALMEIDA MONTEIRO
521262,MONGAGUÁ,RODRIGO CARDOSO BIAGIONI,91,EE. PROF. ARACY DA SILVA FREITAS
522993,MONGAGUÁ,MÁRCIO MELO GOMES,121,EMEF. VERA CRUZ
523287,MONGAGUÁ,RODRIGO CARDOSO BIAGIONI,116,EMEF. JACOUB KOUKDJIAN
524024,MONGAGUÁ,MÁRCIO MELO GOMES,119,EMEIEF. PEQUENO PRÍNCIPE
524242,MONGAGUÁ,VOTO NULO,12,EMEF. TONICO SILVA
524416,MONGAGUÁ,MÁRCIO MELO GOMES,131,EE. PROF. ARACY DA SILVA FREITAS
524556,MONGAGUÁ,MÁRCIO MELO GOMES,102,EMEF. PROF. PEDRO FERNANDES DANTE
525015,MONGAGUÁ,MÁRCIO MELO GOMES,114,EMEF SIRANA KOUKDJIAN
525201,MONGAGUÁ,ANTONIO TIMÓTEO DE ANDRADE,2,EMEF. HORTENCIA QUINTINO DE FARIA BOTELHO
525571,MONGAGUÁ,MÁRCIO MELO GOMES,107,EMEF. PROF. PEDRO FERNANDES DANTE
525736,MONGAGUÁ,ANTONIO TIMÓTEO DE ANDRADE,5,EMEF. TONICO SILVA
526055,MONGAGUÁ,MÁRCIO MELO GOMES,131,EMEF. HORTENCIA QUINTINO DE FARIA BOTELHO
526056,MONGAGUÁ,MÁRCIO MELO GOMES,97,EMEF. PREFEITO CASSIMIRO CORREA NETO
526219,MONGAGUÁ,VOTO NULO,11,EE. PROF. AIDA LEDA BAUER DAVIES
526226,MONGAGUÁ,VOTO NULO,14,EMEF. PREFEITO CASSIMIRO CORREA NETO
526230,MONGAGUÁ,VOTO NULO,18,EE. AGENOR DE CAMPOS
526429,MONGAGUÁ,MÁRCIO MELO GOMES,116,EMEIEF. PROF. CÉLIA PUPO DE JESUS
526540,MONGAGUÁ,MÁRCIO MELO GOMES,111,EMEF. BARIGUI
526746,MONGAGUÁ,VOTO NULO,16,EMEF. HORTENCIA QUINTINO DE FARIA BOTELHO
526750,MONGAGUÁ,ANTONIO TIMÓTEO DE ANDRADE,2,EE. PROF. AIDA LEDA BAUER DAVIES
526765,MONGAGUÁ,ANTONIO TIMÓTEO DE ANDRADE,2,EE. AGENOR DE CAMPOS
526769,MONGAGUÁ,VOTO NULO,6,EMEF. IVONE DE ALMEIDA MONTEIRO
527558,MONGAGUÁ,MÁRCIO MELO GOMES,114,EMEF. BARIGUI
527611,MONGAGUÁ,MÁRCIO MELO GOMES,116,EMEF. BARIGUI
529974,MONGAGUÁ,MÁRCIO MELO GOMES,153,EE. PROF. AIDA LEDA BAUER DAVIES
533560,MONGAGUÁ,MÁRCIO MELO GOMES,117,EMEF. VERA CRUZ
535546,MONGAGUÁ,MÁRCIO MELO GOMES,136,EMEF. JACOUB KOUKDJIAN
535589,MONGAGUÁ,MÁRCIO MELO GOMES,125,EMEF. VERA CRUZ
542609,MONGAGUÁ,MÁRCIO MELO GOMES,111,EMEF. JACOUB KOUKDJIAN
542652,MONGAGUÁ,MÁRCIO MELO GOMES,122,EMEF. TONICO SILVA
544770,MONGAGUÁ,RENATO CARVALHO DONATO,37,EMEF. TONICO SILVA
544815,MONGAGUÁ,RENATO CARVALHO DONATO,30,EMEF. REGINA MARIA
546025,MONGAGUÁ,RENATO CARVALHO DONATO,22,EMEF. PROF. PEDRO FERNANDES DANTE
546782,MONGAGUÁ,RENATO CARVALHO DONATO,32,EMEF. JACOUB KOUKDJIAN
547843,MONGAGUÁ,RENATO CARVALHO DONATO,32,EMEF. REGINA MARIA
549348,MONGAGUÁ,RENATO CARVALHO DONATO,31,EE. PROF. ARACY DA SILVA FREITAS
550830,MONGAGUÁ,RENATO CARVALHO DONATO,33,EE. AGENOR DE CAMPOS
551347,MONGAGUÁ,RENATO CARVALHO DONATO,48,EMEIEF. PEQUENO PRÍNCIPE
552890,MONGAGUÁ,MÁRCIO MELO GOMES,104,EMEF. FLÓRIDA MIRIM
554897,MONGAGUÁ,MÁRCIO MELO GOMES,120,EMEF. FLÓRIDA MIRIM
564446,MONGAGUÁ,MÁRCIO MELO GOMES,106,EMEF. PREFEITO CASSIMIRO CORREA NETO
565931,MONGAGUÁ,MÁRCIO MELO GOMES,118,EMEF. HORTENCIA QUINTINO DE FARIA BOTELHO
567461,MONGAGUÁ,MÁRCIO MELO GOMES,165,EMEF. FLÓRIDA MIRIM
592964,MONGAGUÁ,MÁRCIO MELO GOMES,138,EMEF. REGINA MARIA
596966,MONGAGUÁ,MÁRCIO MELO GOMES,102,EE. AGENOR DE CAMPOS
597477,MONGAGUÁ,MÁRCIO MELO GOMES,134,EMEF. IVONE DE ALMEIDA MONTEIRO
597978,MONGAGUÁ,MÁRCIO MELO GOMES,101,EMEIEF. PROF. CÉLIA PUPO DE JESUS
600527,MONGAGUÁ,MÁRCIO MELO GOMES,151,EMEF. REGINA MARIA
601558,MONGAGUÁ,MÁRCIO MELO GOMES,119,EMEIEF. PEQUENO PRÍNCIPE
604078,MONGAGUÁ,MÁRCIO MELO GOMES,129,EMEF. IVONE DE ALMEIDA MONTEIRO
605559,MONGAGUÁ,MÁRCIO MELO GOMES,129,EMEIEF SÍTIO DO PICA PAU AMARELO
607066,MONGAGUÁ,MÁRCIO MELO GOMES,130,EE. PROF. AIDA LEDA BAUER DAVIES
607085,MONGAGUÁ,MÁRCIO MELO GOMES,132,EMEIEF. PEQUENO PRÍNCIPE
607575,MONGAGUÁ,MÁRCIO MELO GOMES,108,EMEF. PREFEITO CASSIMIRO CORREA NETO
624467,MONGAGUÁ,RENATO CARVALHO DONATO,39,EMEIEF. PEQUENO PRÍNCIPE
627013,MONGAGUÁ,RENATO CARVALHO DONATO,33,EMEIEF. PEQUENO PRÍNCIPE
627014,MONGAGUÁ,RENATO CARVALHO DONATO,37,EMEF. TONICO SILVA
627019,MONGAGUÁ,RENATO CARVALHO DONATO,30,EMEIEF. PROF. CÉLIA PUPO DE JESUS
627501,MONGAGUÁ,RENATO CARVALHO DONATO,39,EE. AGENOR DE CAMPOS
627996,MONGAGUÁ,RENATO CARVALHO DONATO,31,EE. PROF. AIDA LEDA BAUER DAVIES
628538,MONGAGUÁ,RENATO CARVALHO DONATO,39,EMEF. JACOUB KOUKDJIAN
628562,MONGAGUÁ,RENATO CARVALHO DONATO,28,EMEF. REGINA MARIA
629549,MONGAGUÁ,RENATO CARVALHO DONATO,32,EMEF. PROF. PEDRO FERNANDES DANTE
631082,MONGAGUÁ,RENATO CARVALHO DONATO,44,EMEIEF. PEQUENO PRÍNCIPE
632100,MONGAGUÁ,RENATO CARVALHO DONATO,39,EMEIEF. PEQUENO PRÍNCIPE
632575,MONGAGUÁ,RENATO CARVALHO DONATO,42,EMEF. PROF. PEDRO FERNANDES DANTE
632615,MONGAGUÁ,RENATO CARVALHO DONATO,33,EMEF. PROF. PEDRO FERNANDES DANTE
634638,MONGAGUÁ,RENATO CARVALHO DONATO,24,EMEF. VERA CRUZ
635630,MONGAGUÁ,RENATO CARVALHO DONATO,40,EMEF SIRANA KOUKDJIAN
636160,MONGAGUÁ,RENATO CARVALHO DONATO,35,EMEF. HORTENCIA QUINTINO DE FARIA BOTELHO
636172,MONGAGUÁ,RENATO CARVALHO DONATO,24,EMEF. PREFEITO CASSIMIRO CORREA NETO
636179,MONGAGUÁ,RENATO CARVALHO DONATO,33,EMEF. BARIGUI
636651,MONGAGUÁ,RENATO CARVALHO DONATO,35,EMEF. BARIGUI
636662,MONGAGUÁ,RENATO CARVALHO DONATO,38,EMEF. BARIGUI
637658,MONGAGUÁ,RENATO CARVALHO DONATO,32,EMEF. FLÓRIDA MIRIM
638175,MONGAGUÁ,RENATO CARVALHO DONATO,29,EMEF. FLÓRIDA MIRIM
641185,MONGAGUÁ,RENATO CARVALHO DONATO,32,EMEF. PREFEITO CASSIMIRO CORREA NETO
641221,MONGAGUÁ,RENATO CARVALHO DONATO,30,EMEF. HORTENCIA QUINTINO DE FARIA BOTELHO
641705,MONGAGUÁ,RENATO CARVALHO DONATO,49,EMEF. FLÓRIDA MIRIM
644804,MONGAGUÁ,RENATO CARVALHO DONATO,36,EE. PROF. ARACY DA SILVA FREITAS
645797,MONGAGUÁ,RENATO CARVALHO DONATO,32,EMEIEF. PROF. CÉLIA PUPO DE JESUS
647313,MONGAGUÁ,RENATO CARVALHO DONATO,38,EE. PROF. AIDA LEDA BAUER DAVIES
647981,MONGAGUÁ,RENATO CARVALHO DONATO,33,EMEIEF. PROF. CÉLIA PUPO DE JESUS
648472,MONGAGUÁ,RENATO CARVALHO DONATO,32,EE. AGENOR DE CAMPOS
648979,MONGAGUÁ,RENATO CARVALHO DONATO,36,EE. PROF. ARACY DA SILVA FREITAS
649361,MONGAGUÁ,RENATO CARVALHO DONATO,39,EMEF. JACOUB KOUKDJIAN
649453,MONGAGUÁ,RENATO CARVALHO DONATO,27,EE. AGENOR DE CAMPOS
649479,MONGAGUÁ,RENATO CARVALHO DONATO,32,EE. PROF. ARACY DA SILVA FREITAS
649839,MONGAGUÁ,RENATO CARVALHO DONATO,24,EMEF. VERA CRUZ
650373,MONGAGUÁ,RENATO CARVALHO DONATO,21,EMEF. VERA CRUZ
650998,MONGAGUÁ,RENATO CARVALHO DONATO,38,EMEF. PROF. PEDRO FERNANDES DANTE
651355,MONGAGUÁ,RENATO CARVALHO DONATO,36,EMEF. JACOUB KOUKDJIAN
651365,MONGAGUÁ,RENATO CARVALHO DONATO,43,EMEF. TONICO SILVA
651779,MONGAGUÁ,RODRIGO CARDOSO BIAGIONI,108,EMEF. IVONE DE ALMEIDA MONTEIRO
652794,MONGAGUÁ,RODRIGO CARDOSO BIAGIONI,97,EMEIEF. PEQUENO PRÍNCIPE
652993,MONGAGUÁ,RENATO CARVALHO DONATO,37,EMEF SIRANA KOUKDJIAN
654004,MONGAGUÁ,RENATO CARVALHO DONATO,30,EMEF. REGINA MARIA
654888,MONGAGUÁ,RENATO CARVALHO DONATO,27,EMEF. HORTENCIA QUINTINO DE FARIA BOTELHO
655045,MONGAGUÁ,RENATO CARVALHO DONATO,34,EMEF. VERA CRUZ
655416,MONGAGUÁ,RENATO CARVALHO DONATO,29,EMEF. BARIGUI
655505,MONGAGUÁ,RENATO CARVALHO DONATO,36,EE. PROF. ARACY DA SILVA FREITAS
655513,MONGAGUÁ,RENATO CARVALHO DONATO,37,EMEIEF. PEQUENO PRÍNCIPE
655531,MONGAGUÁ,RENATO CARVALHO DONATO,28,EMEF. IVONE DE ALMEIDA MONTEIRO
655906,MONGAGUÁ,RENATO CARVALHO DONATO,39,EMEF. PREFEITO CASSIMIRO CORREA NETO
656006,MONGAGUÁ,RENATO CARVALHO DONATO,28,EE. PROF. ARACY DA SILVA FREITAS
657052,MONGAGUÁ,RENATO CARVALHO DONATO,36,EMEF. JACOUB KOUKDJIAN
657353,MONGAGUÁ,RODRIGO CARDOSO BIAGIONI,98,EMEF. REGINA MARIA
657676,MONGAGUÁ,RENATO CARVALHO DONATO,38,EMEF. FLÓRIDA MIRIM
657961,MONGAGUÁ,RENATO CARVALHO DONATO,26,EMEF. BARIGUI
658186,MONGAGUÁ,RENATO CARVALHO DONATO,31,EMEF. VERA CRUZ
658849,MONGAGUÁ,RODRIGO CARDOSO BIAGIONI,128,EMEF. IVONE DE ALMEIDA MONTEIRO
658873,MONGAGUÁ,RODRIGO CARDOSO BIAGIONI,120,EMEF SIRANA KOUKDJIAN
658906,MONGAGUÁ,RODRIGO CARDOSO BIAGIONI,120,EMEF. VERA CRUZ
659383,MONGAGUÁ,RODRIGO CARDOSO BIAGIONI,88,EE. PROF. ARACY DA SILVA FREITAS
927651,MONGAGUÁ,MARCELO DOS SANTOS CONCEIÇÃO,1,EE. PROF. ARACY DA SILVA FREITAS
929071,MONGAGUÁ,MARCELO DOS SANTOS CONCEIÇÃO,2,EE. AGENOR DE CAMPOS
930578,MONGAGUÁ,MARCELO DOS SANTOS CONCEIÇÃO,8,EMEIEF. PEQUENO PRÍNCIPE
931581,MONGAGUÁ,ANTONIO TIMÓTEO DE ANDRADE,2,EMEF. TONICO SILVA
931627,MONGAGUÁ,ANTONIO TIMÓTEO DE ANDRADE,4,EMEF. REGINA MARIA
933640,MONGAGUÁ,ANTONIO TIMÓTEO DE ANDRADE,7,EMEF. JACOUB KOUKDJIAN
934118,MONGAGUÁ,MARCELO DOS SANTOS CONCEIÇÃO,1,EMEF. VERA CRUZ
936160,MONGAGUÁ,ANTONIO TIMÓTEO DE ANDRADE,2,EMEF. REGINA MARIA
938702,MONGAGUÁ,ANTONIO TIMÓTEO DE ANDRADE,2,EE. PROF. ARACY DA SILVA FREITAS
939232,MONGAGUÁ,VOTO NULO,11,EMEF. TONICO SILVA
939735,MONGAGUÁ,VOTO NULO,12,EMEF. REGINA MARIA
942249,MONGAGUÁ,ANTONIO TIMÓTEO DE ANDRADE,9,EMEIEF. PEQUENO PRÍNCIPE
942276,MONGAGUÁ,VOTO NULO,12,EMEF. JACOUB KOUKDJIAN
942774,MONGAGUÁ,ANTONIO TIMÓTEO DE ANDRADE,6,EMEF. FLÓRIDA MIRIM
943741,MONGAGUÁ,ANTONIO TIMÓTEO DE ANDRADE,2,EMEF. VERA CRUZ
944274,MONGAGUÁ,VOTO NULO,15,EMEF. REGINA MARIA
948298,MONGAGUÁ,VOTO BRANCO,8,EMEF. TONICO SILVA
948806,MONGAGUÁ,VOTO BRANCO,14,EMEF. REGINA MARIA
952359,MONGAGUÁ,VOTO BRANCO,10,EMEF. JACOUB KOUKDJIAN
955923,MONGAGUÁ,VOTO BRANCO,7,EMEF. REGINA MARIA
959608,MONGAGUÁ,VOTO BRANCO,12,EMEF. HORTENCIA QUINTINO DE FARIA BOTELHO
962104,MONGAGUÁ,VOTO BRANCO,9,EMEF. FLÓRIDA MIRIM
962495,MONGAGUÁ,VOTO BRANCO,7,EE. PROF. ARACY DA SILVA FREITAS
963644,MONGAGUÁ,VOTO BRANCO,3,EMEF. PREFEITO CASSIMIRO CORREA NETO
966055,MONGAGUÁ,VOTO BRANCO,8,EE. AGENOR DE CAMPOS
970569,MONGAGUÁ,VOTO BRANCO,20,EMEF. FLÓRIDA MIRIM
972066,MONGAGUÁ,VOTO BRANCO,11,EMEIEF. PEQUENO PRÍNCIPE
977700,MONGAGUÁ,MARCELO DOS SANTOS CONCEIÇÃO,2,EMEF. IVONE DE ALMEIDA MONTEIRO
977711,MONGAGUÁ,MARCELO DOS SANTOS CONCEIÇÃO,2,EMEF. PROF. PEDRO FERNANDES DANTE
978699,MONGAGUÁ,ANTONIO TIMÓTEO DE ANDRADE,1,EMEF. BARIGUI
979241,MONGAGUÁ,ANTONIO TIMÓTEO DE ANDRADE,2,EMEF. HORTENCIA QUINTINO DE FARIA BOTELHO
979750,MONGAGUÁ,ANTONIO TIMÓTEO DE ANDRADE,2,EMEF. VERA CRUZ
980707,MONGAGUÁ,ANTONIO TIMÓTEO DE ANDRADE,4,EMEF. VERA CRUZ
981210,MONGAGUÁ,VOTO NULO,7,EMEF. BARIGUI
983726,MONGAGUÁ,VOTO NULO,13,EMEF. BARIGUI
984236,MONGAGUÁ,VOTO NULO,12,EMEF. VERA CRUZ
984770,MONGAGUÁ,VOTO NULO,17,EMEF. HORTENCIA QUINTINO DE FARIA BOTELHO
985766,MONGAGUÁ,VOTO BRANCO,8,EMEF. IVONE DE ALMEIDA MONTEIRO
986244,MONGAGUÁ,VOTO NULO,8,EMEF. VERA CRUZ
986257,MONGAGUÁ,VOTO BRANCO,6,EMEIEF. PROF. CÉLIA PUPO DE JESUS
986715,MONGAGUÁ,VOTO NULO,15,EMEF. VERA CRUZ
986729,MONGAGUÁ,VOTO BRANCO,7,EMEF. PROF. PEDRO FERNANDES DANTE
987746,MONGAGUÁ,VOTO BRANCO,6,EMEF. PROF. PEDRO FERNANDES DANTE
988240,MONGAGUÁ,VOTO BRANCO,8,EE. AGENOR DE CAMPOS
988691,MONGAGUÁ,VOTO BRANCO,12,EE. AGENOR DE CAMPOS
989180,MONGAGUÁ,VOTO BRANCO,6,EE. PROF. ARACY DA SILVA FREITAS
989206,MONGAGUÁ,VOTO BRANCO,5,EMEIEF. PROF. CÉLIA PUPO DE JESUS
990222,MONGAGUÁ,VOTO BRANCO,9,EMEF. REGINA MARIA
990691,MONGAGUÁ,VOTO BRANCO,6,EMEF. REGINA MARIA
991243,MONGAGUÁ,VOTO BRANCO,6,EE. AGENOR DE CAMPOS
992209,MONGAGUÁ,VOTO BRANCO,7,EE. PROF. AIDA LEDA BAUER DAVIES
993251,MONGAGUÁ,VOTO BRANCO,6,EMEF. IVONE DE ALMEIDA MONTEIRO
993771,MONGAGUÁ,VOTO BRANCO,8,EMEF. TONICO SILVA
1010762,MONGAGUÁ,VOTO NULO,10,EE. AGENOR DE CAMPOS
1010771,MONGAGUÁ,VOTO NULO,8,EE. PROF. ARACY DA SILVA FREITAS
1012283,MONGAGUÁ,VOTO NULO,30,EMEF. FLÓRIDA MIRIM
1013329,MONGAGUÁ,VOTO NULO,14,EMEF. VERA CRUZ
1013814,MONGAGUÁ,VOTO NULO,9,EMEIEF. PEQUENO PRÍNCIPE
1058195,MONGAGUÁ,ANTONIO TIMÓTEO DE ANDRADE,2,EMEF. FLÓRIDA MIRIM
1061198,MONGAGUÁ,VOTO NULO,15,EMEF. PREFEITO CASSIMIRO CORREA NETO
1062195,MONGAGUÁ,VOTO NULO,10,EMEF. HORTENCIA QUINTINO DE FARIA BOTELHO
1063220,MONGAGUÁ,VOTO NULO,15,EMEF. FLÓRIDA MIRIM
1064191,MONGAGUÁ,VOTO BRANCO,8,EE. AGENOR DE CAMPOS
1065213,MONGAGUÁ,VOTO BRANCO,12,EMEF. JACOUB KOUKDJIAN
1065239,MONGAGUÁ,VOTO BRANCO,10,EMEF. JACOUB KOUKDJIAN
1069246,MONGAGUÁ,VOTO BRANCO,17,EMEIEF. PEQUENO PRÍNCIPE
1072809,MONGAGUÁ,VOTO BRANCO,17,EMEIEF. PEQUENO PRÍNCIPE
1072812,MONGAGUÁ,VOTO BRANCO,3,EMEF. TONICO SILVA
1072816,MONGAGUÁ,VOTO BRANCO,7,EMEIEF. PROF. CÉLIA PUPO DE JESUS
1073306,MONGAGUÁ,VOTO BRANCO,13,EE. AGENOR DE CAMPOS
1074289,MONGAGUÁ,VOTO BRANCO,5,EE. PROF. AIDA LEDA BAUER DAVIES
1140503,MONGAGUÁ,RODRIGO CARDOSO BIAGIONI,87,EE. AGENOR DE CAMPOS
1141517,MONGAGUÁ,RODRIGO CARDOSO BIAGIONI,101,EMEF. JACOUB KOUKDJIAN
1141989,MONGAGUÁ,RODRIGO CARDOSO BIAGIONI,100,EMEF. JACOUB KOUKDJIAN
1143529,MONGAGUÁ,RODRIGO CARDOSO BIAGIONI,82,EMEIEF. PEQUENO PRÍNCIPE
1145536,MONGAGUÁ,RODRIGO CARDOSO BIAGIONI,111,EMEIEF. PEQUENO PRÍNCIPE
1145537,MONGAGUÁ,RODRIGO CARDOSO BIAGIONI,106,EMEF. TONICO SILVA
1145538,MONGAGUÁ,RODRIGO CARDOSO BIAGIONI,94,EMEIEF. PROF. CÉLIA PUPO DE JESUS
1146021,MONGAGUÁ,RODRIGO CARDOSO BIAGIONI,104,EE. AGENOR DE CAMPOS
1146044,MONGAGUÁ,RODRIGO CARDOSO BIAGIONI,77,EE. PROF. AIDA LEDA BAUER DAVIES
1154691,MONGAGUÁ,VOTO BRANCO,11,EMEF. JACOUB KOUKDJIAN
1155202,MONGAGUÁ,VOTO BRANCO,6,EMEF. VERA CRUZ
1156757,MONGAGUÁ,VOTO BRANCO,5,EMEF SIRANA KOUKDJIAN
1157211,MONGAGUÁ,VOTO BRANCO,9,EMEF. PROF. PEDRO FERNANDES DANTE
1157756,MONGAGUÁ,VOTO BRANCO,13,EMEF. REGINA MARIA
1159217,MONGAGUÁ,VOTO BRANCO,8,EMEF. HORTENCIA QUINTINO DE FARIA BOTELHO
1159237,MONGAGUÁ,VOTO BRANCO,7,EMEF. PREFEITO CASSIMIRO CORREA NETO
1159270,MONGAGUÁ,VOTO BRANCO,10,EMEF. BARIGUI
1160723,MONGAGUÁ,VOTO BRANCO,10,EMEF. BARIGUI
1160764,MONGAGUÁ,VOTO BRANCO,11,EMEF. BARIGUI
1161725,MONGAGUÁ,VOTO BRANCO,22,EMEIEF. PEQUENO PRÍNCIPE
1164273,MONGAGUÁ,VOTO BRANCO,10,EMEIEF. PEQUENO PRÍNCIPE
1165245,MONGAGUÁ,VOTO BRANCO,18,EMEF. FLÓRIDA MIRIM
1165252,MONGAGUÁ,VOTO BRANCO,7,EMEF. PROF. PEDRO FERNANDES DANTE
1165797,MONGAGUÁ,VOTO BRANCO,7,EMEF. PROF. PEDRO FERNANDES DANTE
1167276,MONGAGUÁ,VOTO BRANCO,11,EMEF. FLÓRIDA MIRIM
1217242,MONGAGUÁ,MARCELO DOS SANTOS CONCEIÇÃO,2,EMEF. TONICO SILVA
1217719,MONGAGUÁ,MARCELO DOS SANTOS CONCEIÇÃO,2,EMEF. REGINA MARIA
1218260,MONGAGUÁ,MARCELO DOS SANTOS CONCEIÇÃO,2,EMEF. JACOUB KOUKDJIAN
1219258,MONGAGUÁ,MARCELO DOS SANTOS CONCEIÇÃO,3,EMEF. REGINA MARIA
1226976,MONGAGUÁ,MARCELO DOS SANTOS CONCEIÇÃO,7,EE. AGENOR DE CAMPOS
1227473,MONGAGUÁ,MARCELO DOS SANTOS CONCEIÇÃO,2,EMEF. JACOUB KOUKDJIAN
1227487,MONGAGUÁ,MARCELO DOS SANTOS CONCEIÇÃO,2,EMEF. JACOUB KOUKDJIAN
1228486,MONGAGUÁ,MARCELO DOS SANTOS CONCEIÇÃO,6,EMEIEF. PEQUENO PRÍNCIPE
1229022,MONGAGUÁ,MARCELO DOS SANTOS CONCEIÇÃO,3,EMEIEF. PEQUENO PRÍNCIPE
1229023,MONGAGUÁ,MARCELO DOS SANTOS CONCEIÇÃO,3,EMEF. TONICO SILVA
1229026,MONGAGUÁ,MARCELO DOS SANTOS CONCEIÇÃO,2,EMEIEF. PROF. CÉLIA PUPO DE JESUS
1229476,MONGAGUÁ,MARCELO DOS SANTOS CONCEIÇÃO,2,EE. AGENOR DE CAMPOS
1229490,MONGAGUÁ,MARCELO DOS SANTOS CONCEIÇÃO,1,EE. PROF. AIDA LEDA BAUER DAVIES
1229516,MONGAGUÁ,MARCELO DOS SANTOS CONCEIÇÃO,4,EMEF. JACOUB KOUKDJIAN
1229529,MONGAGUÁ,MARCELO DOS SANTOS CONCEIÇÃO,4,EMEF. REGINA MARIA
1230028,MONGAGUÁ,ANTONIO TIMÓTEO DE ANDRADE,1,EE. AGENOR DE CAMPOS
1230035,MONGAGUÁ,MARCELO DOS SANTOS CONCEIÇÃO,3,EMEF. PROF. PEDRO FERNANDES DANTE
1230544,MONGAGUÁ,MARCELO DOS SANTOS CONCEIÇÃO,3,EMEIEF. PEQUENO PRÍNCIPE
1231001,MONGAGUÁ,ANTONIO TIMÓTEO DE ANDRADE,4,EMEF. JACOUB KOUKDJIAN
1231020,MONGAGUÁ,ANTONIO TIMÓTEO DE ANDRADE,4,EMEF. JACOUB KOUKDJIAN
1231050,MONGAGUÁ,MARCELO DOS SANTOS CONCEIÇÃO,2,EMEIEF. PEQUENO PRÍNCIPE
1231513,MONGAGUÁ,MARCELO DOS SANTOS CONCEIÇÃO,3,EMEF. PROF. PEDRO FERNANDES DANTE
1231533,MONGAGUÁ,MARCELO DOS SANTOS CONCEIÇÃO,1,EMEF. PROF. PEDRO FERNANDES DANTE
1233018,MONGAGUÁ,ANTONIO TIMÓTEO DE ANDRADE,4,EMEIEF. PEQUENO PRÍNCIPE
1300619,MONGAGUÁ,MÁRCIO MELO GOMES,129,EMEF. HORTENCIA QUINTINO DE FARIA BOTELHO
1306144,MONGAGUÁ,MÁRCIO MELO GOMES,96,EMEF. TONICO SILVA
1308639,MONGAGUÁ,MÁRCIO MELO GOMES,93,EMEF. PREFEITO CASSIMIRO CORREA NETO
1309180,MONGAGUÁ,MÁRCIO MELO GOMES,154,EE. PROF. AIDA LEDA BAUER DAVIES
1309673,MONGAGUÁ,MÁRCIO MELO GOMES,104,EE. AGENOR DE CAMPOS
1309705,MONGAGUÁ,MÁRCIO MELO GOMES,112,EMEF. HORTENCIA QUINTINO DE FARIA BOTELHO
1351448,MONGAGUÁ,RODRIGO CARDOSO BIAGIONI,92,EMEF. JACOUB KOUKDJIAN
1352939,MONGAGUÁ,RODRIGO CARDOSO BIAGIONI,100,EMEF. PROF. PEDRO FERNANDES DANTE
1354442,MONGAGUÁ,RODRIGO CARDOSO BIAGIONI,130,EMEF. VERA CRUZ
1354473,MONGAGUÁ,RODRIGO CARDOSO BIAGIONI,114,EMEIEF. PEQUENO PRÍNCIPE
1354988,MONGAGUÁ,RODRIGO CARDOSO BIAGIONI,131,EMEF SIRANA KOUKDJIAN
1355963,MONGAGUÁ,RODRIGO CARDOSO BIAGIONI,106,EMEIEF. PEQUENO PRÍNCIPE
1355976,MONGAGUÁ,RODRIGO CARDOSO BIAGIONI,112,EMEF. HORTENCIA QUINTINO DE FARIA BOTELHO
1355982,MONGAGUÁ,RODRIGO CARDOSO BIAGIONI,112,EMEF. PREFEITO CASSIMIRO CORREA NETO
1356001,MONGAGUÁ,RODRIGO CARDOSO BIAGIONI,111,EMEF. BARIGUI
1356489,MONGAGUÁ,RODRIGO CARDOSO BIAGIONI,88,EMEF. PROF. PEDRO FERNANDES DANTE
1356991,MONGAGUÁ,RODRIGO CARDOSO BIAGIONI,103,EMEF. BARIGUI
1357015,MONGAGUÁ,RODRIGO CARDOSO BIAGIONI,91,EMEF. PROF. PEDRO FERNANDES DANTE
1357481,MONGAGUÁ,RODRIGO CARDOSO BIAGIONI,106,EMEF. BARIGUI
1359560,MONGAGUÁ,RODRIGO CARDOSO BIAGIONI,88,EMEF. FLÓRIDA MIRIM
1361534,MONGAGUÁ,RODRIGO CARDOSO BIAGIONI,110,EMEF. FLÓRIDA MIRIM
1367623,MONGAGUÁ,RODRIGO CARDOSO BIAGIONI,110,EMEF. PREFEITO CASSIMIRO CORREA NETO
1369131,MONGAGUÁ,RODRIGO CARDOSO BIAGIONI,127,EMEF. HORTENCIA QUINTINO DE FARIA BOTELHO
1370643,MONGAGUÁ,RODRIGO CARDOSO BIAGIONI,109,EMEF. FLÓRIDA MIRIM
1371152,MONGAGUÁ,RODRIGO CARDOSO BIAGIONI,88,EMEF. REGINA MARIA
1413667,MONGAGUÁ,MARCELO DOS SANTOS CONCEIÇÃO,6,EE. AGENOR DE CAMPOS
1414140,MONGAGUÁ,MARCELO DOS SANTOS CONCEIÇÃO,1,EE. AGENOR DE CAMPOS
1414166,MONGAGUÁ,MARCELO DOS SANTOS CONCEIÇÃO,1,EE. PROF. ARACY DA SILVA FREITAS
1414623,MONGAGUÁ,MARCELO DOS SANTOS CONCEIÇÃO,2,EMEIEF. PROF. CÉLIA PUPO DE JESUS
1415137,MONGAGUÁ,MARCELO DOS SANTOS CONCEIÇÃO,6,EMEF. REGINA MARIA
1415152,MONGAGUÁ,MARCELO DOS SANTOS CONCEIÇÃO,5,EMEF. REGINA MARIA
1415651,MONGAGUÁ,MARCELO DOS SANTOS CONCEIÇÃO,4,EE. AGENOR DE CAMPOS
1415668,MONGAGUÁ,MARCELO DOS SANTOS CONCEIÇÃO,4,EE. PROF. AIDA LEDA BAUER DAVIES
1416168,MONGAGUÁ,MARCELO DOS SANTOS CONCEIÇÃO,2,EMEF. IVONE DE ALMEIDA MONTEIRO
1416179,MONGAGUÁ,MARCELO DOS SANTOS CONCEIÇÃO,2,EMEF. TONICO SILVA
1417131,MONGAGUÁ,MARCELO DOS SANTOS CONCEIÇÃO,1,EMEF. PROF. PEDRO FERNANDES DANTE
1418648,MONGAGUÁ,ANTONIO TIMÓTEO DE ANDRADE,3,EMEF. IVONE DE ALMEIDA MONTEIRO
1419168,MONGAGUÁ,ANTONIO TIMÓTEO DE ANDRADE,1,EMEF. PROF. PEDRO FERNANDES DANTE
1420205,MONGAGUÁ,ANTONIO TIMÓTEO DE ANDRADE,1,EMEF. PROF. PEDRO FERNANDES DANTE
1421160,MONGAGUÁ,ANTONIO TIMÓTEO DE ANDRADE,3,EE. AGENOR DE CAMPOS
1421707,MONGAGUÁ,ANTONIO TIMÓTEO DE ANDRADE,2,EE. AGENOR DE CAMPOS
1422184,MONGAGUÁ,ANTONIO TIMÓTEO DE ANDRADE,3,EE. PROF. ARACY DA SILVA FREITAS
1422213,MONGAGUÁ,ANTONIO TIMÓTEO DE ANDRADE,2,EMEIEF. PROF. CÉLIA PUPO DE JESUS
1422214,MONGAGUÁ,VOTO NULO,13,EMEF. IVONE DE ALMEIDA MONTEIRO
1423178,MONGAGUÁ,VOTO NULO,8,EMEIEF. PROF. CÉLIA PUPO DE JESUS
1423215,MONGAGUÁ,VOTO NULO,14,EMEF. PROF. PEDRO FERNANDES DANTE
1424168,MONGAGUÁ,ANTONIO TIMÓTEO DE ANDRADE,6,EMEF. REGINA MARIA
1424172,MONGAGUÁ,ANTONIO TIMÓTEO DE ANDRADE,1,EMEF. REGINA MARIA
1424703,MONGAGUÁ,ANTONIO TIMÓTEO DE ANDRADE,4,EE. AGENOR DE CAMPOS
1425176,MONGAGUÁ,VOTO NULO,18,EMEF. PROF. PEDRO FERNANDES DANTE
1425681,MONGAGUÁ,VOTO NULO,17,EE. AGENOR DE CAMPOS
1425703,MONGAGUÁ,ANTONIO TIMÓTEO DE ANDRADE,2,EMEF. TONICO SILVA
1426201,MONGAGUÁ,MARCELO DOS SANTOS CONCEIÇÃO,7,EMEF. BARIGUI
1426236,MONGAGUÁ,VOTO NULO,10,EE. AGENOR DE CAMPOS
1427199,MONGAGUÁ,VOTO NULO,11,EE. PROF. ARACY DA SILVA FREITAS
1427249,MONGAGUÁ,VOTO NULO,15,EMEIEF. PROF. CÉLIA PUPO DE JESUS
1427696,MONGAGUÁ,MARCELO DOS SANTOS CONCEIÇÃO,4,EMEF. BARIGUI
1427737,MONGAGUÁ,MARCELO DOS SANTOS CONCEIÇÃO,5,EMEF. VERA CRUZ
1428226,MONGAGUÁ,MARCELO DOS SANTOS CONCEIÇÃO,3,EMEF. HORTENCIA QUINTINO DE FARIA BOTELHO
1428672,MONGAGUÁ,MARCELO DOS SANTOS CONCEIÇÃO,1,EMEF. VERA CRUZ
1428683,MONGAGUÁ,MARCELO DOS SANTOS CONCEIÇÃO,1,EMEF. VERA CRUZ
1428697,MONGAGUÁ,VOTO NULO,15,EMEF. REGINA MARIA
1429156,MONGAGUÁ,VOTO NULO,11,EMEF. REGINA MARIA
1429693,MONGAGUÁ,VOTO NULO,18,EE. AGENOR DE CAMPOS
1430178,MONGAGUÁ,VOTO NULO,13,EE. PROF. AIDA LEDA BAUER DAVIES
1430678,MONGAGUÁ,VOTO NULO,10,EMEF. IVONE DE ALMEIDA MONTEIRO
1431151,MONGAGUÁ,VOTO NULO,4,EMEF. TONICO SILVA
1432685,MONGAGUÁ,ANTONIO TIMÓTEO DE ANDRADE,2,EMEF. BARIGUI
1447381,MONGAGUÁ,VOTO NULO,19,EMEF. JACOUB KOUKDJIAN
1457776,MONGAGUÁ,MARCELO DOS SANTOS CONCEIÇÃO,2,EMEF. IVONE DE ALMEIDA MONTEIRO
1458282,MONGAGUÁ,MARCELO DOS SANTOS CONCEIÇÃO,3,EMEIEF. PEQUENO PRÍNCIPE
1460801,MONGAGUÁ,MARCELO DOS SANTOS CONCEIÇÃO,3,EMEF. REGINA MARIA
1460821,MONGAGUÁ,MARCELO DOS SANTOS CONCEIÇÃO,3,EMEF. IVONE DE ALMEIDA MONTEIRO
1460835,MONGAGUÁ,MARCELO DOS SANTOS CONCEIÇÃO,3,EMEF SIRANA KOUKDJIAN
1461308,MONGAGUÁ,MARCELO DOS SANTOS CONCEIÇÃO,1,EE. PROF. ARACY DA SILVA FREITAS
1462027,MONGAGUÁ,VOTO BRANCO,6,EMEIEF. PROF. CÉLIA PUPO DE JESUS
1462338,MONGAGUÁ,MARCELO DOS SANTOS CONCEIÇÃO,3,EMEF. VERA CRUZ
1463509,MONGAGUÁ,VOTO BRANCO,8,EE. AGENOR DE CAMPOS
1465322,MONGAGUÁ,MARCELO DOS SANTOS CONCEIÇÃO,1,EMEIEF SÍTIO DO PICA PAU AMARELO
1465513,MONGAGUÁ,VOTO BRANCO,3,EE. PROF. ARACY DA SILVA FREITAS
1465832,MONGAGUÁ,ANTONIO TIMÓTEO DE ANDRADE,1,EMEF. IVONE DE ALMEIDA MONTEIRO
1466071,MONGAGUÁ,VOTO BRANCO,8,EE. AGENOR DE CAMPOS
1466561,MONGAGUÁ,VOTO BRANCO,5,EE. PROF. ARACY DA SILVA FREITAS
1466834,MONGAGUÁ,MARCELO DOS SANTOS CONCEIÇÃO,3,EMEF. HORTENCIA QUINTINO DE FARIA BOTELHO
1466837,MONGAGUÁ,MARCELO DOS SANTOS CONCEIÇÃO,2,EMEF. FLÓRIDA MIRIM
1466883,MONGAGUÁ,ANTONIO TIMÓTEO DE ANDRADE,4,EMEIEF. PEQUENO PRÍNCIPE
1468887,MONGAGUÁ,VOTO NULO,14,EMEF. IVONE DE ALMEIDA MONTEIRO
1470951,MONGAGUÁ,VOTO NULO,21,EMEIEF. PEQUENO PRÍNCIPE
1471338,MONGAGUÁ,ANTONIO TIMÓTEO DE ANDRADE,1,EMEF. REGINA MARIA
1471862,MONGAGUÁ,ANTONIO TIMÓTEO DE ANDRADE,2,EMEF. IVONE DE ALMEIDA MONTEIRO
1471888,MONGAGUÁ,ANTONIO TIMÓTEO DE ANDRADE,4,EMEF SIRANA KOUKDJIAN
1472368,MONGAGUÁ,ANTONIO TIMÓTEO DE ANDRADE,3,EMEF. VERA CRUZ
1472858,MONGAGUÁ,ANTONIO TIMÓTEO DE ANDRADE,5,EE. PROF. ARACY DA SILVA FREITAS
1475938,MONGAGUÁ,VOTO BRANCO,12,EMEF. HORTENCIA QUINTINO DE FARIA BOTELHO
1479489,MONGAGUÁ,VOTO BRANCO,4,EMEIEF SÍTIO DO PICA PAU AMARELO
1486048,MONGAGUÁ,VOTO BRANCO,6,EMEF. HORTENCIA QUINTINO DE FARIA BOTELHO
1486055,MONGAGUÁ,VOTO BRANCO,11,EMEF. FLÓRIDA MIRIM
1506155,MONGAGUÁ,VOTO BRANCO,9,EMEF. IVONE DE ALMEIDA MONTEIRO
1508195,MONGAGUÁ,VOTO BRANCO,14,EMEIEF. PEQUENO PRÍNCIPE
1516200,MONGAGUÁ,VOTO BRANCO,8,EMEF. VERA CRUZ
1516333,MONGAGUÁ,VOTO NULO,12,EE. AGENOR DE CAMPOS
1516367,MONGAGUÁ,MARCELO DOS SANTOS CONCEIÇÃO,2,EMEF SIRANA KOUKDJIAN
1516379,MONGAGUÁ,ANTONIO TIMÓTEO DE ANDRADE,7,EMEIEF. PEQUENO PRÍNCIPE
1516700,MONGAGUÁ,VOTO BRANCO,12,EMEF. REGINA MARIA
1516823,MONGAGUÁ,ANTONIO TIMÓTEO DE ANDRADE,3,EMEF. TONICO SILVA
1516824,MONGAGUÁ,ANTONIO TIMÓTEO DE ANDRADE,1,EMEIEF. PROF. CÉLIA PUPO DE JESUS
1516839,MONGAGUÁ,MARCELO DOS SANTOS CONCEIÇÃO,1,EMEF. HORTENCIA QUINTINO DE FARIA BOTELHO
1516840,MONGAGUÁ,MARCELO DOS SANTOS CONCEIÇÃO,2,EMEF. PREFEITO CASSIMIRO CORREA NETO
1516846,MONGAGUÁ,MARCELO DOS SANTOS CONCEIÇÃO,4,EMEF. BARIGUI
1516879,MONGAGUÁ,ANTONIO TIMÓTEO DE ANDRADE,8,EE. AGENOR DE CAMPOS
1517323,MONGAGUÁ,MARCELO DOS SANTOS CONCEIÇÃO,8,EMEF. BARIGUI
1517331,MONGAGUÁ,MARCELO DOS SANTOS CONCEIÇÃO,6,EMEF. BARIGUI
1517360,MONGAGUÁ,VOTO NULO,19,EMEF. JACOUB KOUKDJIAN
1517365,MONGAGUÁ,ANTONIO TIMÓTEO DE ANDRADE,2,EE. PROF. AIDA LEDA BAUER DAVIES
1517721,MONGAGUÁ,VOTO BRANCO,10,EMEF. IVONE DE ALMEIDA MONTEIRO
1517838,MONGAGUÁ,VOTO NULO,16,EMEF. JACOUB KOUKDJIAN
1517872,MONGAGUÁ,MARCELO DOS SANTOS CONCEIÇÃO,1,EMEF. FLÓRIDA MIRIM
1518212,MONGAGUÁ,VOTO BRANCO,10,EMEF SIRANA KOUKDJIAN
1518353,MONGAGUÁ,ANTONIO TIMÓTEO DE ANDRADE,1,EMEF. JACOUB KOUKDJIAN
1518734,MONGAGUÁ,VOTO BRANCO,6,EE. PROF. ARACY DA SILVA FREITAS
1518856,MONGAGUÁ,MARCELO DOS SANTOS CONCEIÇÃO,4,EMEF. VERA CRUZ
1518872,MONGAGUÁ,ANTONIO TIMÓTEO DE ANDRADE,3,EMEF. REGINA MARIA
1521911,MONGAGUÁ,ANTONIO TIMÓTEO DE ANDRADE,3,EMEF. VERA CRUZ
1522387,MONGAGUÁ,ANTONIO TIMÓTEO DE ANDRADE,3,EMEIEF. PEQUENO PRÍNCIPE
1522391,MONGAGUÁ,VOTO NULO,25,EMEIEF. PEQUENO PRÍNCIPE
1522862,MONGAGUÁ,MARCELO DOS SANTOS CONCEIÇÃO,1,EMEF. PREFEITO CASSIMIRO CORREA NETO
1523367,MONGAGUÁ,MARCELO DOS SANTOS CONCEIÇÃO,2,EMEF. HORTENCIA QUINTINO DE FARIA BOTELHO
1523371,MONGAGUÁ,ANTONIO TIMÓTEO DE ANDRADE,2,EMEF SIRANA KOUKDJIAN
1523888,MONGAGUÁ,MARCELO DOS SANTOS CONCEIÇÃO,3,EMEF. FLÓRIDA MIRIM
1523897,MONGAGUÁ,ANTONIO TIMÓTEO DE ANDRADE,4,EMEIEF. PEQUENO PRÍNCIPE
1523910,MONGAGUÁ,ANTONIO TIMÓTEO DE ANDRADE,2,EMEF. HORTENCIA QUINTINO DE FARIA BOTELHO
1524371,MONGAGUÁ,ANTONIO TIMÓTEO DE ANDRADE,5,EMEF. BARIGUI
1524876,MONGAGUÁ,ANTONIO TIMÓTEO DE ANDRADE,4,EMEF. BARIGUI
1524898,MONGAGUÁ,ANTONIO TIMÓTEO DE ANDRADE,4,EMEF. PROF. PEDRO FERNANDES DANTE
1524909,MONGAGUÁ,ANTONIO TIMÓTEO DE ANDRADE,2,EMEF. BARIGUI
1526415,MONGAGUÁ,ANTONIO TIMÓTEO DE ANDRADE,8,EMEF. FLÓRIDA MIRIM
1526425,MONGAGUÁ,VOTO NULO,24,EMEIEF. PEQUENO PRÍNCIPE
1526427,MONGAGUÁ,VOTO NULO,11,EMEF. TONICO SILVA
1526428,MONGAGUÁ,VOTO NULO,19,EMEIEF. PROF. CÉLIA PUPO DE JESUS
1526919,MONGAGUÁ,VOTO NULO,16,EE. AGENOR DE CAMPOS
1527404,MONGAGUÁ,VOTO NULO,10,EE. PROF. AIDA LEDA BAUER DAVIES
1527875,MONGAGUÁ,ANTONIO TIMÓTEO DE ANDRADE,2,EMEF. FLÓRIDA MIRIM
1528404,MONGAGUÁ,VOTO NULO,18,EMEF. JACOUB KOUKDJIAN
1528871,MONGAGUÁ,VOTO NULO,15,EMEF. REGINA MARIA
1528915,MONGAGUÁ,VOTO NULO,13,EMEF. VERA CRUZ
1529918,MONGAGUÁ,VOTO NULO,17,EMEF SIRANA KOUKDJIAN
1530383,MONGAGUÁ,VOTO NULO,9,EMEF. PROF. PEDRO FERNANDES DANTE
1530872,MONGAGUÁ,VOTO NULO,14,EMEF. HORTENCIA QUINTINO DE FARIA BOTELHO
1530880,MONGAGUÁ,VOTO NULO,11,EMEF. PREFEITO CASSIMIRO CORREA NETO
1530908,MONGAGUÁ,VOTO NULO,14,EMEF. BARIGUI
1531406,MONGAGUÁ,VOTO NULO,16,EMEF. BARIGUI
1531430,MONGAGUÁ,VOTO NULO,17,EMEF. BARIGUI
1531890,MONGAGUÁ,VOTO NULO,27,EMEIEF. PEQUENO PRÍNCIPE
1532884,MONGAGUÁ,VOTO NULO,28,EMEF. FLÓRIDA MIRIM
1532889,MONGAGUÁ,VOTO NULO,15,EMEIEF. PEQUENO PRÍNCIPE
1532909,MONGAGUÁ,ANTONIO TIMÓTEO DE ANDRADE,2,EMEF. PREFEITO CASSIMIRO CORREA NETO
1532924,MONGAGUÁ,VOTO NULO,14,EMEF. PROF. PEDRO FERNANDES DANTE
1533414,MONGAGUÁ,VOTO NULO,10,EMEF. PROF. PEDRO FERNANDES DANTE
1533885,MONGAGUÁ,VOTO NULO,19,EMEF. FLÓRIDA MIRIM
1540767,MONGAGUÁ,ANTONIO TIMÓTEO DE ANDRADE,4,EMEF. HORTENCIA QUINTINO DE FARIA BOTELHO
1541803,MONGAGUÁ,ANTONIO TIMÓTEO DE ANDRADE,2,EMEIEF SÍTIO DO PICA PAU AMARELO
1542290,MONGAGUÁ,VOTO NULO,14,EMEF. VERA CRUZ
1543304,MONGAGUÁ,VOTO NULO,12,EMEF. REGINA MARIA
1544319,MONGAGUÁ,VOTO NULO,17,EMEF. IVONE DE ALMEIDA MONTEIRO
1544785,MONGAGUÁ,VOTO NULO,10,EMEF SIRANA KOUKDJIAN
1544830,MONGAGUÁ,ANTONIO TIMÓTEO DE ANDRADE,2,EMEF. HORTENCIA QUINTINO DE FARIA BOTELHO
1545277,MONGAGUÁ,ANTONIO TIMÓTEO DE ANDRADE,4,EMEF. FLÓRIDA MIRIM
1545782,MONGAGUÁ,VOTO NULO,11,EE. PROF. ARACY DA SILVA FREITAS
1547829,MONGAGUÁ,VOTO NULO,11,EMEF. HORTENCIA QUINTINO DE FARIA BOTELHO
1550347,MONGAGUÁ,VOTO NULO,9,EMEIEF SÍTIO DO PICA PAU AMARELO
1555396,MONGAGUÁ,VOTO NULO,18,EMEF. HORTENCIA QUINTINO DE FARIA BOTELHO
1555401,MONGAGUÁ,VOTO NULO,19,EMEF. FLÓRIDA MIRIM
1570183,MONGAGUÁ,VOTO BRANCO,9,EMEF. HORTENCIA QUINTINO DE FARIA BOTELHO
1570199,MONGAGUÁ,VOTO BRANCO,8,EMEF. PREFEITO CASSIMIRO CORREA NETO
1604904,MONGAGUÁ,RODRIGO CARDOSO BIAGIONI,107,EMEF. JACOUB KOUKDJIAN
1604938,MONGAGUÁ,RODRIGO CARDOSO BIAGIONI,106,EMEF. TONICO SILVA
1606988,MONGAGUÁ,RODRIGO CARDOSO BIAGIONI,130,EMEF. HORTENCIA QUINTINO DE FARIA BOTELHO
1608987,MONGAGUÁ,RODRIGO CARDOSO BIAGIONI,89,EMEF. BARIGUI
1610060,MONGAGUÁ,RODRIGO CARDOSO BIAGIONI,120,EMEF. PREFEITO CASSIMIRO CORREA NETO
1615626,MONGAGUÁ,RODRIGO CARDOSO BIAGIONI,89,EMEF. BARIGUI
1647809,MONGAGUÁ,VOTO BRANCO,19,EE. AGENOR DE CAMPOS
1758704,MONGAGUÁ,RODRIGO CARDOSO BIAGIONI,99,EMEF. REGINA MARIA
1760200,MONGAGUÁ,RODRIGO CARDOSO BIAGIONI,108,EE. AGENOR DE CAMPOS
1760220,MONGAGUÁ,RODRIGO CARDOSO BIAGIONI,107,EMEF. IVONE DE ALMEIDA MONTEIRO
1760691,MONGAGUÁ,RODRIGO CARDOSO BIAGIONI,122,EMEIEF. PROF. CÉLIA PUPO DE JESUS
1762213,MONGAGUÁ,RODRIGO CARDOSO BIAGIONI,86,EMEF. REGINA MARIA
1762717,MONGAGUÁ,RODRIGO CARDOSO BIAGIONI,104,EMEIEF. PEQUENO PRÍNCIPE
1763702,MONGAGUÁ,RODRIGO CARDOSO BIAGIONI,130,EMEIEF SÍTIO DO PICA PAU AMARELO
1763747,MONGAGUÁ,RODRIGO CARDOSO BIAGIONI,119,EMEF. IVONE DE ALMEIDA MONTEIRO
1764705,MONGAGUÁ,RODRIGO CARDOSO BIAGIONI,126,EMEF. PREFEITO CASSIMIRO CORREA NETO
1777037,MONGAGUÁ,MÁRCIO MELO GOMES,127,EMEF. IVONE DE ALMEIDA MONTEIRO
1787548,MONGAGUÁ,MÁRCIO MELO GOMES,116,EMEF. TONICO SILVA
1789081,MONGAGUÁ,MÁRCIO MELO GOMES,106,EE. PROF. AIDA LEDA BAUER DAVIES
1791365,MONGAGUÁ,RODRIGO CARDOSO BIAGIONI,99,EMEF. PROF. PEDRO FERNANDES DANTE
1792837,MONGAGUÁ,RODRIGO CARDOSO BIAGIONI,71,EE. PROF. ARACY DA SILVA FREITAS
1793343,MONGAGUÁ,RODRIGO CARDOSO BIAGIONI,90,EMEIEF. PROF. CÉLIA PUPO DE JESUS
1793578,MONGAGUÁ,MÁRCIO MELO GOMES,118,EE. AGENOR DE CAMPOS
1794841,MONGAGUÁ,RODRIGO CARDOSO BIAGIONI,112,EE. PROF. AIDA LEDA BAUER DAVIES
1795844,MONGAGUÁ,RODRIGO CARDOSO BIAGIONI,112,EMEF. VERA CRUZ
1796891,MONGAGUÁ,RODRIGO CARDOSO BIAGIONI,121,EMEF. VERA CRUZ
1797394,MONGAGUÁ,RODRIGO CARDOSO BIAGIONI,103,EMEF. JACOUB KOUKDJIAN
1808311,MONGAGUÁ,MÁRCIO MELO GOMES,119,EMEF. IVONE DE ALMEIDA MONTEIRO
1811339,MONGAGUÁ,MÁRCIO MELO GOMES,135,EMEIEF. PEQUENO PRÍNCIPE
1828199,MONGAGUÁ,MARCELO DOS SANTOS CONCEIÇÃO,3,EMEIEF. PROF. CÉLIA PUPO DE JESUS
1828216,MONGAGUÁ,MARCELO DOS SANTOS CONCEIÇÃO,2,EE. AGENOR DE CAMPOS
1828224,MONGAGUÁ,MARCELO DOS SANTOS CONCEIÇÃO,1,EMEF. VERA CRUZ
1828250,MONGAGUÁ,MARCELO DOS SANTOS CONCEIÇÃO,2,EE. PROF. ARACY DA SILVA FREITAS
1828718,MONGAGUÁ,MARCELO DOS SANTOS CONCEIÇÃO,2,EE. AGENOR DE CAMPOS
1828719,MONGAGUÁ,MARCELO DOS SANTOS CONCEIÇÃO,2,EE. PROF. ARACY DA SILVA FREITAS
1829211,MONGAGUÁ,MARCELO DOS SANTOS CONCEIÇÃO,1,EMEF. PROF. PEDRO FERNANDES DANTE
1829736,MONGAGUÁ,MARCELO DOS SANTOS CONCEIÇÃO,2,EMEF SIRANA KOUKDJIAN
1829771,MONGAGUÁ,MARCELO DOS SANTOS CONCEIÇÃO,4,EMEF. REGINA MARIA
1830266,MONGAGUÁ,MARCELO DOS SANTOS CONCEIÇÃO,3,EE. PROF. ARACY DA SILVA FREITAS
1830270,MONGAGUÁ,MARCELO DOS SANTOS CONCEIÇÃO,4,EMEIEF. PEQUENO PRÍNCIPE
1830732,MONGAGUÁ,MARCELO DOS SANTOS CONCEIÇÃO,2,EMEF. IVONE DE ALMEIDA MONTEIRO
1830752,MONGAGUÁ,MARCELO DOS SANTOS CONCEIÇÃO,3,EE. PROF. ARACY DA SILVA FREITAS
1893358,MONGAGUÁ,VOTO BRANCO,6,EMEF. PROF. PEDRO FERNANDES DANTE
1894414,MONGAGUÁ,VOTO BRANCO,4,EMEF. VERA CRUZ
1894899,MONGAGUÁ,VOTO BRANCO,10,EMEF SIRANA KOUKDJIAN
1897416,MONGAGUÁ,VOTO BRANCO,12,EMEF. REGINA MARIA
1898946,MONGAGUÁ,VOTO BRANCO,7,EE. PROF. ARACY DA SILVA FREITAS
1898974,MONGAGUÁ,VOTO BRANCO,14,EMEIEF. PEQUENO PRÍNCIPE
1899470,MONGAGUÁ,VOTO BRANCO,2,EMEF. IVONE DE ALMEIDA MONTEIRO
1899993,MONGAGUÁ,VOTO BRANCO,4,EE. PROF. ARACY DA SILVA FREITAS
1902493,MONGAGUÁ,VOTO BRANCO,8,EMEF. JACOUB KOUKDJIAN
1916258,MONGAGUÁ,RODRIGO CARDOSO BIAGIONI,80,EE. PROF. AIDA LEDA BAUER DAVIES
1916708,MONGAGUÁ,RODRIGO CARDOSO BIAGIONI,110,EMEIEF. PEQUENO PRÍNCIPE
1930922,MONGAGUÁ,RODRIGO CARDOSO BIAGIONI,122,EMEF. HORTENCIA QUINTINO DE FARIA BOTELHO
1930931,MONGAGUÁ,RODRIGO CARDOSO BIAGIONI,108,EMEF. PREFEITO CASSIMIRO CORREA NETO
1971723,MONGAGUÁ,VOTO NULO,12,EMEF. BARIGUI
1977271,MONGAGUÁ,VOTO BRANCO,11,EMEF. PROF. PEDRO FERNANDES DANTE
1980214,MONGAGUÁ,VOTO BRANCO,5,EE. PROF. ARACY DA SILVA FREITAS
1981744,MONGAGUÁ,VOTO BRANCO,11,EMEIEF. PROF. CÉLIA PUPO DE JESUS
1984251,MONGAGUÁ,VOTO BRANCO,4,EMEF. VERA CRUZ
1985271,MONGAGUÁ,VOTO BRANCO,10,EE. PROF. AIDA LEDA BAUER DAVIES
1986271,MONGAGUÁ,VOTO BRANCO,11,EMEF. VERA CRUZ
1998605,MONGAGUÁ,VOTO BRANCO,10,EMEF. HORTENCIA QUINTINO DE FARIA BOTELHO
2001128,MONGAGUÁ,VOTO BRANCO,11,EMEF. TONICO SILVA
2003600,MONGAGUÁ,VOTO BRANCO,3,EE. PROF. AIDA LEDA BAUER DAVIES
2003607,MONGAGUÁ,VOTO BRANCO,8,EE. AGENOR DE CAMPOS
2003623,MONGAGUÁ,VOTO BRANCO,8,EMEF. PREFEITO CASSIMIRO CORREA NETO
2004592,MONGAGUÁ,VOTO BRANCO,8,EMEF. IVONE DE ALMEIDA MONTEIRO
2004608,MONGAGUÁ,VOTO BRANCO,7,EMEF. HORTENCIA QUINTINO DE FARIA BOTELHO
2013200,MONGAGUÁ,VOTO BRANCO,8,EMEF. TONICO SILVA
2015694,MONGAGUÁ,VOTO BRANCO,8,EE. PROF. AIDA LEDA BAUER DAVIES
2055041,MONGAGUÁ,MÁRCIO MELO GOMES,142,EMEF. REGINA MARIA
2056065,MONGAGUÁ,MÁRCIO MELO GOMES,123,EMEF. VERA CRUZ
2056071,MONGAGUÁ,MÁRCIO MELO GOMES,129,EMEF. IVONE DE ALMEIDA MONTEIRO
2056556,MONGAGUÁ,MÁRCIO MELO GOMES,119,EMEF SIRANA KOUKDJIAN
2057564,MONGAGUÁ,MÁRCIO MELO GOMES,116,EE. PROF. ARACY DA SILVA FREITAS
2063039,MONGAGUÁ,MÁRCIO MELO GOMES,120,EMEF. HORTENCIA QUINTINO DE FARIA BOTELHO
2065552,MONGAGUÁ,MÁRCIO MELO GOMES,58,EMEIEF SÍTIO DO PICA PAU AMARELO
2070127,MONGAGUÁ,MÁRCIO MELO GOMES,115,EMEF. HORTENCIA QUINTINO DE FARIA BOTELHO
2070578,MONGAGUÁ,MÁRCIO MELO GOMES,134,EMEF. FLÓRIDA MIRIM
2121278,MONGAGUÁ,MARCELO DOS SANTOS CONCEIÇÃO,5,EMEF. REGINA MARIA
2122230,MONGAGUÁ,MARCELO DOS SANTOS CONCEIÇÃO,3,EE. AGENOR DE CAMPOS
2122268,MONGAGUÁ,MARCELO DOS SANTOS CONCEIÇÃO,5,EMEIEF. PROF. CÉLIA PUPO DE JESUS
2122781,MONGAGUÁ,MARCELO DOS SANTOS CONCEIÇÃO,7,EMEF. REGINA MARIA
2123735,MONGAGUÁ,MARCELO DOS SANTOS CONCEIÇÃO,1,EMEIEF. PEQUENO PRÍNCIPE
2123777,MONGAGUÁ,MARCELO DOS SANTOS CONCEIÇÃO,2,EMEF. IVONE DE ALMEIDA MONTEIRO
2124289,MONGAGUÁ,MARCELO DOS SANTOS CONCEIÇÃO,3,EMEIEF. PEQUENO PRÍNCIPE
2124290,MONGAGUÁ,MARCELO DOS SANTOS CONCEIÇÃO,1,EE. PROF. AIDA LEDA BAUER DAVIES
2124295,MONGAGUÁ,ANTONIO TIMÓTEO DE ANDRADE,3,EMEF. REGINA MARIA
2125796,MONGAGUÁ,ANTONIO TIMÓTEO DE ANDRADE,3,EE. AGENOR DE CAMPOS
2126273,MONGAGUÁ,ANTONIO TIMÓTEO DE ANDRADE,5,EMEF. IVONE DE ALMEIDA MONTEIRO
2126754,MONGAGUÁ,ANTONIO TIMÓTEO DE ANDRADE,1,EMEIEF. PROF. CÉLIA PUPO DE JESUS
2126806,MONGAGUÁ,MARCELO DOS SANTOS CONCEIÇÃO,2,EMEIEF SÍTIO DO PICA PAU AMARELO
2127285,MONGAGUÁ,MARCELO DOS SANTOS CONCEIÇÃO,1,EMEF. PREFEITO CASSIMIRO CORREA NETO
2127812,MONGAGUÁ,ANTONIO TIMÓTEO DE ANDRADE,4,EMEF. REGINA MARIA
2128315,MONGAGUÁ,ANTONIO TIMÓTEO DE ANDRADE,4,EMEIEF. PEQUENO PRÍNCIPE
2128820,MONGAGUÁ,ANTONIO TIMÓTEO DE ANDRADE,1,EMEIEF SÍTIO DO PICA PAU AMARELO
2129316,MONGAGUÁ,ANTONIO TIMÓTEO DE ANDRADE,1,EMEF. IVONE DE ALMEIDA MONTEIRO
2129572,MONGAGUÁ,ANTONIO TIMÓTEO DE ANDRADE,2,EMEF. PREFEITO CASSIMIRO CORREA NETO
2129829,MONGAGUÁ,ANTONIO TIMÓTEO DE ANDRADE,2,EMEF. PREFEITO CASSIMIRO CORREA NETO
2130028,MONGAGUÁ,ANTONIO TIMÓTEO DE ANDRADE,3,EMEF. IVONE DE ALMEIDA MONTEIRO
2130076,MONGAGUÁ,ANTONIO TIMÓTEO DE ANDRADE,1,EMEF. HORTENCIA QUINTINO DE FARIA BOTELHO
2130816,MONGAGUÁ,ANTONIO TIMÓTEO DE ANDRADE,5,EMEIEF. PEQUENO PRÍNCIPE
2131821,MONGAGUÁ,VOTO NULO,14,EMEF. REGINA MARIA
2133562,MONGAGUÁ,ANTONIO TIMÓTEO DE ANDRADE,5,EMEF. TONICO SILVA
2133583,MONGAGUÁ,VOTO NULO,14,EMEF. TONICO SILVA
2133834,MONGAGUÁ,MARCELO DOS SANTOS CONCEIÇÃO,3,EMEF. HORTENCIA QUINTINO DE FARIA BOTELHO
2134595,MONGAGUÁ,VOTO NULO,7,EE. PROF. AIDA LEDA BAUER DAVIES
2135374,MONGAGUÁ,VOTO NULO,14,EE. AGENOR DE CAMPOS
2135886,MONGAGUÁ,VOTO NULO,13,EMEF. IVONE DE ALMEIDA MONTEIRO
2136641,MONGAGUÁ,ANTONIO TIMÓTEO DE ANDRADE,4,EE. AGENOR DE CAMPOS
2136859,MONGAGUÁ,VOTO NULO,15,EMEIEF. PROF. CÉLIA PUPO DE JESUS
2137643,MONGAGUÁ,VOTO NULO,21,EE. AGENOR DE CAMPOS
2169733,MONGAGUÁ,MARCELO DOS SANTOS CONCEIÇÃO,3,EMEF. JACOUB KOUKDJIAN
2175209,MONGAGUÁ,VOTO NULO,14,EMEIEF. PROF. CÉLIA PUPO DE JESUS
2176215,MONGAGUÁ,VOTO NULO,10,EE. AGENOR DE CAMPOS
2176258,MONGAGUÁ,ANTONIO TIMÓTEO DE ANDRADE,3,EE. AGENOR DE CAMPOS
2177256,MONGAGUÁ,ANTONIO TIMÓTEO DE ANDRADE,2,EE. PROF. ARACY DA SILVA FREITAS
2177724,MONGAGUÁ,VOTO NULO,11,EE. PROF. ARACY DA SILVA FREITAS
2177734,MONGAGUÁ,ANTONIO TIMÓTEO DE ANDRADE,2,EE. AGENOR DE CAMPOS
2178196,MONGAGUÁ,ANTONIO TIMÓTEO DE ANDRADE,2,EE. PROF. ARACY DA SILVA FREITAS
2178231,MONGAGUÁ,ANTONIO TIMÓTEO DE ANDRADE,5,EMEF. VERA CRUZ
2178241,MONGAGUÁ,VOTO NULO,8,EE. AGENOR DE CAMPOS
2178719,MONGAGUÁ,VOTO NULO,6,EE. PROF. ARACY DA SILVA FREITAS
2179228,MONGAGUÁ,ANTONIO TIMÓTEO DE ANDRADE,5,EMEF. PROF. PEDRO FERNANDES DANTE
2180720,MONGAGUÁ,ANTONIO TIMÓTEO DE ANDRADE,5,EMEF SIRANA KOUKDJIAN
2180726,MONGAGUÁ,VOTO NULO,9,EMEF. PROF. PEDRO FERNANDES DANTE
2181249,MONGAGUÁ,VOTO NULO,14,EMEF. VERA CRUZ
2182708,MONGAGUÁ,ANTONIO TIMÓTEO DE ANDRADE,2,EE. PROF. ARACY DA SILVA FREITAS
2182725,MONGAGUÁ,ANTONIO TIMÓTEO DE ANDRADE,9,EMEIEF. PEQUENO PRÍNCIPE
2182760,MONGAGUÁ,ANTONIO TIMÓTEO DE ANDRADE,2,EMEF. IVONE DE ALMEIDA MONTEIRO
2183256,MONGAGUÁ,ANTONIO TIMÓTEO DE ANDRADE,2,EE. PROF. ARACY DA SILVA FREITAS
2184224,MONGAGUÁ,VOTO NULO,18,EMEF SIRANA KOUKDJIAN
2184262,MONGAGUÁ,ANTONIO TIMÓTEO DE ANDRADE,4,EMEF. JACOUB KOUKDJIAN
2185737,MONGAGUÁ,VOTO NULO,10,EMEF. REGINA MARIA
2186760,MONGAGUÁ,VOTO NULO,14,EE. PROF. ARACY DA SILVA FREITAS
2186774,MONGAGUÁ,VOTO NULO,13,EMEIEF. PEQUENO PRÍNCIPE
2187253,MONGAGUÁ,VOTO NULO,15,EMEF. IVONE DE ALMEIDA MONTEIRO
2187739,MONGAGUÁ,VOTO NULO,15,EE. PROF. ARACY DA SILVA FREITAS
2274430,MONGAGUÁ,VOTO NULO,19,EMEF. PROF. PEDRO FERNANDES DANTE
2274937,MONGAGUÁ,MARCELO DOS SANTOS CONCEIÇÃO,4,EMEF. BARIGUI
2275487,MONGAGUÁ,MARCELO DOS SANTOS CONCEIÇÃO,5,EMEF. BARIGUI
2275994,MONGAGUÁ,MARCELO DOS SANTOS CONCEIÇÃO,1,EMEF. PREFEITO CASSIMIRO CORREA NETO
2276951,MONGAGUÁ,ANTONIO TIMÓTEO DE ANDRADE,7,EMEF. TONICO SILVA
2277472,MONGAGUÁ,VOTO NULO,13,EE. PROF. ARACY DA SILVA FREITAS
2277980,MONGAGUÁ,ANTONIO TIMÓTEO DE ANDRADE,3,EMEF. HORTENCIA QUINTINO DE FARIA BOTELHO
2278488,MONGAGUÁ,VOTO NULO,14,EMEIEF. PROF. CÉLIA PUPO DE JESUS
2278962,MONGAGUÁ,ANTONIO TIMÓTEO DE ANDRADE,4,EMEF. BARIGUI
2279482,MONGAGUÁ,ANTONIO TIMÓTEO DE ANDRADE,3,EMEF. PREFEITO CASSIMIRO CORREA NETO
2279528,MONGAGUÁ,VOTO NULO,16,EMEF. VERA CRUZ
2280485,MONGAGUÁ,VOTO NULO,12,EE. PROF. AIDA LEDA BAUER DAVIES
2281040,MONGAGUÁ,VOTO NULO,9,EMEF. VERA CRUZ
2282560,MONGAGUÁ,ANTONIO TIMÓTEO DE ANDRADE,4,EMEF. BARIGUI
2284044,MONGAGUÁ,VOTO NULO,18,EMEF. JACOUB KOUKDJIAN
2288112,MONGAGUÁ,VOTO NULO,16,EMEF. HORTENCIA QUINTINO DE FARIA BOTELHO
2288627,MONGAGUÁ,VOTO NULO,22,EMEF. JACOUB KOUKDJIAN
2289099,MONGAGUÁ,VOTO NULO,15,EMEF. TONICO SILVA
2289628,MONGAGUÁ,VOTO NULO,14,EMEF. BARIGUI
2290659,MONGAGUÁ,VOTO NULO,22,EMEF. PREFEITO CASSIMIRO CORREA NETO
2325543,MONGAGUÁ,VOTO BRANCO,7,EMEF. REGINA MARIA
2328079,MONGAGUÁ,VOTO BRANCO,7,EE. AGENOR DE CAMPOS
2328586,MONGAGUÁ,VOTO BRANCO,6,EMEF. IVONE DE ALMEIDA MONTEIRO
2328632,MONGAGUÁ,VOTO BRANCO,4,EMEIEF. PROF. CÉLIA PUPO DE JESUS
2331120,MONGAGUÁ,VOTO BRANCO,13,EMEIEF SÍTIO DO PICA PAU AMARELO
2332135,MONGAGUÁ,VOTO BRANCO,8,EMEF. REGINA MARIA
2332635,MONGAGUÁ,VOTO BRANCO,10,EMEF. PREFEITO CASSIMIRO CORREA NETO
2333127,MONGAGUÁ,VOTO BRANCO,8,EMEIEF. PEQUENO PRÍNCIPE
2334701,MONGAGUÁ,VOTO BRANCO,14,EMEF. IVONE DE ALMEIDA MONTEIRO
2337184,MONGAGUÁ,VOTO BRANCO,13,EMEIEF. PEQUENO PRÍNCIPE
2337186,MONGAGUÁ,VOTO BRANCO,2,EE. PROF. AIDA LEDA BAUER DAVIES
2402210,MONGAGUÁ,RODRIGO CARDOSO BIAGIONI,107,EMEF. IVONE DE ALMEIDA MONTEIRO
2402715,MONGAGUÁ,RODRIGO CARDOSO BIAGIONI,109,EMEIEF. PROF. CÉLIA PUPO DE JESUS
2403182,MONGAGUÁ,RODRIGO CARDOSO BIAGIONI,108,EMEF. PROF. PEDRO FERNANDES DANTE
2406717,MONGAGUÁ,RODRIGO CARDOSO BIAGIONI,113,EMEF. PROF. PEDRO FERNANDES DANTE
2465041,MONGAGUÁ,MARCELO DOS SANTOS CONCEIÇÃO,3,EMEF. PROF. PEDRO FERNANDES DANTE
2467032,MONGAGUÁ,MARCELO DOS SANTOS CONCEIÇÃO,2,EMEIEF. PROF. CÉLIA PUPO DE JESUS
2468052,MONGAGUÁ,MARCELO DOS SANTOS CONCEIÇÃO,1,EE. PROF. AIDA LEDA BAUER DAVIES
2469569,MONGAGUÁ,MARCELO DOS SANTOS CONCEIÇÃO,1,EMEF. JACOUB KOUKDJIAN
2470036,MONGAGUÁ,ANTONIO TIMÓTEO DE ANDRADE,1,EE. PROF. ARACY DA SILVA FREITAS
2471547,MONGAGUÁ,ANTONIO TIMÓTEO DE ANDRADE,1,EMEIEF. PROF. CÉLIA PUPO DE JESUS
2472071,MONGAGUÁ,MARCELO DOS SANTOS CONCEIÇÃO,1,EMEF. VERA CRUZ
2472077,MONGAGUÁ,MARCELO DOS SANTOS CONCEIÇÃO,2,EMEF. JACOUB KOUKDJIAN
2473055,MONGAGUÁ,MARCELO DOS SANTOS CONCEIÇÃO,1,EMEF. VERA CRUZ
2473566,MONGAGUÁ,ANTONIO TIMÓTEO DE ANDRADE,3,EE. PROF. AIDA LEDA BAUER DAVIES
2474556,MONGAGUÁ,ANTONIO TIMÓTEO DE ANDRADE,1,EMEF. VERA CRUZ
2476585,MONGAGUÁ,ANTONIO TIMÓTEO DE ANDRADE,3,EMEF. JACOUB KOUKDJIAN
2476586,MONGAGUÁ,MARCELO DOS SANTOS CONCEIÇÃO,4,EMEF. HORTENCIA QUINTINO DE FARIA BOTELHO
2488511,MONGAGUÁ,RODRIGO CARDOSO BIAGIONI,87,EE. AGENOR DE CAMPOS
2489011,MONGAGUÁ,RODRIGO CARDOSO BIAGIONI,103,EE. PROF. ARACY DA SILVA FREITAS
2489045,MONGAGUÁ,RODRIGO CARDOSO BIAGIONI,118,EMEIEF. PROF. CÉLIA PUPO DE JESUS
2490495,MONGAGUÁ,RODRIGO CARDOSO BIAGIONI,114,EMEF. REGINA MARIA
2490509,MONGAGUÁ,RODRIGO CARDOSO BIAGIONI,103,EMEF. REGINA MARIA
2491046,MONGAGUÁ,RODRIGO CARDOSO BIAGIONI,79,EE. AGENOR DE CAMPOS
2491533,MONGAGUÁ,RODRIGO CARDOSO BIAGIONI,114,EE. PROF. AIDA LEDA BAUER DAVIES
2492041,MONGAGUÁ,RODRIGO CARDOSO BIAGIONI,113,EMEF. IVONE DE ALMEIDA MONTEIRO
2492500,MONGAGUÁ,RODRIGO CARDOSO BIAGIONI,106,EMEF. TONICO SILVA
2494171,MONGAGUÁ,VOTO NULO,14,EMEF. REGINA MARIA
2494685,MONGAGUÁ,VOTO NULO,17,EMEF. PREFEITO CASSIMIRO CORREA NETO
2495154,MONGAGUÁ,VOTO NULO,15,EMEIEF. PEQUENO PRÍNCIPE
2496622,MONGAGUÁ,VOTO NULO,14,EMEIEF SÍTIO DO PICA PAU AMARELO
2497145,MONGAGUÁ,VOTO NULO,15,EMEF. IVONE DE ALMEIDA MONTEIRO
2498655,MONGAGUÁ,VOTO NULO,9,EE. PROF. AIDA LEDA BAUER DAVIES
2498660,MONGAGUÁ,VOTO NULO,25,EMEIEF. PEQUENO PRÍNCIPE
2499552,MONGAGUÁ,RODRIGO CARDOSO BIAGIONI,109,EMEF. BARIGUI
2499636,MONGAGUÁ,ANTONIO TIMÓTEO DE ANDRADE,4,EMEF. HORTENCIA QUINTINO DE FARIA BOTELHO
2499653,MONGAGUÁ,ANTONIO TIMÓTEO DE ANDRADE,2,EMEF. PREFEITO CASSIMIRO CORREA NETO
2501070,MONGAGUÁ,RODRIGO CARDOSO BIAGIONI,103,EMEF. BARIGUI
2501572,MONGAGUÁ,RODRIGO CARDOSO BIAGIONI,103,EMEF. VERA CRUZ
2502566,MONGAGUÁ,RODRIGO CARDOSO BIAGIONI,120,EMEF. HORTENCIA QUINTINO DE FARIA BOTELHO
2504037,MONGAGUÁ,RODRIGO CARDOSO BIAGIONI,110,EMEF. VERA CRUZ
2504542,MONGAGUÁ,RODRIGO CARDOSO BIAGIONI,105,EMEF. VERA CRUZ
2507554,MONGAGUÁ,RODRIGO CARDOSO BIAGIONI,103,EE. AGENOR DE CAMPOS
2507708,MONGAGUÁ,VOTO NULO,11,EMEF. HORTENCIA QUINTINO DE FARIA BOTELHO
2508160,MONGAGUÁ,VOTO NULO,12,EMEF. PREFEITO CASSIMIRO CORREA NETO
2525741,MONGAGUÁ,MÁRCIO MELO GOMES,113,EMEIEF. PROF. CÉLIA PUPO DE JESUS
2527221,MONGAGUÁ,MÁRCIO MELO GOMES,93,EE. AGENOR DE CAMPOS
2528282,MONGAGUÁ,MÁRCIO MELO GOMES,127,EE. PROF. ARACY DA SILVA FREITAS
2529249,MONGAGUÁ,MÁRCIO MELO GOMES,99,EE. AGENOR DE CAMPOS
2529715,MONGAGUÁ,MÁRCIO MELO GOMES,116,EE. PROF. ARACY DA SILVA FREITAS
2532718,MONGAGUÁ,MÁRCIO MELO GOMES,121,EMEF. PROF. PEDRO FERNANDES DANTE
2534223,MONGAGUÁ,MÁRCIO MELO GOMES,134,EMEF. VERA CRUZ
2535762,MONGAGUÁ,MÁRCIO MELO GOMES,142,EMEF SIRANA KOUKDJIAN
2537775,MONGAGUÁ,MÁRCIO MELO GOMES,121,EMEF. REGINA MARIA
2539746,MONGAGUÁ,MÁRCIO MELO GOMES,96,EE. PROF. ARACY DA SILVA FREITAS
2539773,MONGAGUÁ,MÁRCIO MELO GOMES,127,EMEIEF. PEQUENO PRÍNCIPE
2540256,MONGAGUÁ,MÁRCIO MELO GOMES,130,EMEF. IVONE DE ALMEIDA MONTEIRO
2540759,MONGAGUÁ,MÁRCIO MELO GOMES,124,EE. PROF. ARACY DA SILVA FREITAS
2542789,MONGAGUÁ,MÁRCIO MELO GOMES,117,EMEF. JACOUB KOUKDJIAN
2677492,MONGAGUÁ,VOTO BRANCO,25,EMEF. JACOUB KOUKDJIAN
2684025,MONGAGUÁ,VOTO BRANCO,10,EMEF. HORTENCIA QUINTINO DE FARIA BOTELHO
2686040,MONGAGUÁ,VOTO BRANCO,13,EMEF. JACOUB KOUKDJIAN
2686537,MONGAGUÁ,VOTO BRANCO,5,EMEF. TONICO SILVA
2687019,MONGAGUÁ,VOTO BRANCO,13,EMEF. BARIGUI
2689079,MONGAGUÁ,VOTO BRANCO,4,EMEF. PREFEITO CASSIMIRO CORREA NETO
2698114,MONGAGUÁ,VOTO BRANCO,5,EMEF. BARIGUI
2921269,MONGAGUÁ,VOTO BRANCO,5,EMEF. VERA CRUZ
3225317,MONGAGUÁ,MÁRCIO MELO GOMES,127,EMEF. TONICO SILVA
3225832,MONGAGUÁ,MÁRCIO MELO GOMES,130,EMEF. REGINA MARIA
3229812,MONGAGUÁ,MÁRCIO MELO GOMES,127,EMEF. JACOUB KOUKDJIAN
3232828,MONGAGUÁ,MÁRCIO MELO GOMES,135,EMEF. REGINA MARIA
3736193,MONGAGUÁ,RENATO CARVALHO DONATO,34,EMEF. HORTENCIA QUINTINO DE FARIA BOTELHO
3786528,MONGAGUÁ,RENATO CARVALHO DONATO,34,EMEF. REGINA MARIA
3789565,MONGAGUÁ,RENATO CARVALHO DONATO,38,EE. AGENOR DE CAMPOS
3790079,MONGAGUÁ,RENATO CARVALHO DONATO,31,EMEF. IVONE DE ALMEIDA MONTEIRO
3790589,MONGAGUÁ,RENATO CARVALHO DONATO,26,EMEIEF. PROF. CÉLIA PUPO DE JESUS
3793127,MONGAGUÁ,RENATO CARVALHO DONATO,29,EMEF. REGINA MARIA
3794089,MONGAGUÁ,RENATO CARVALHO DONATO,44,EMEIEF. PEQUENO PRÍNCIPE
3795124,MONGAGUÁ,RENATO CARVALHO DONATO,20,EMEF. IVONE DE ALMEIDA MONTEIRO
3796164,MONGAGUÁ,RENATO CARVALHO DONATO,39,EMEIEF SÍTIO DO PICA PAU AMARELO
3796623,MONGAGUÁ,RENATO CARVALHO DONATO,36,EMEIEF. PEQUENO PRÍNCIPE
3796625,MONGAGUÁ,RENATO CARVALHO DONATO,30,EE. PROF. AIDA LEDA BAUER DAVIES
3797160,MONGAGUÁ,RENATO CARVALHO DONATO,28,EMEF. PREFEITO CASSIMIRO CORREA NETO
3946340,MONGAGUÁ,RENATO CARVALHO DONATO,22,EMEF. TONICO SILVA
3947314,MONGAGUÁ,RENATO CARVALHO DONATO,40,EE. PROF. AIDA LEDA BAUER DAVIES
3947317,MONGAGUÁ,RENATO CARVALHO DONATO,38,EE. AGENOR DE CAMPOS
3947345,MONGAGUÁ,RENATO CARVALHO DONATO,40,EMEF. PREFEITO CASSIMIRO CORREA NETO
3947829,MONGAGUÁ,RENATO CARVALHO DONATO,26,EMEF. IVONE DE ALMEIDA MONTEIRO
3947844,MONGAGUÁ,RENATO CARVALHO DONATO,39,EMEF. HORTENCIA QUINTINO DE FARIA BOTELHO
3951354,MONGAGUÁ,RENATO CARVALHO DONATO,43,EMEF. TONICO SILVA
3952333,MONGAGUÁ,RENATO CARVALHO DONATO,27,EE. PROF. AIDA LEDA BAUER DAVIES
3954341,MONGAGUÁ,RENATO CARVALHO DONATO,34,EE. AGENOR DE CAMPOS
3986792,MONGAGUÁ,MÁRCIO MELO GOMES,110,EE. PROF. ARACY DA SILVA FREITAS
3988807,MONGAGUÁ,MÁRCIO MELO GOMES,85,EE. AGENOR DE CAMPOS
3991835,MONGAGUÁ,MÁRCIO MELO GOMES,137,EMEIEF. PEQUENO PRÍNCIPE
3992336,MONGAGUÁ,MÁRCIO MELO GOMES,130,EMEF. FLÓRIDA MIRIM
3993799,MONGAGUÁ,MÁRCIO MELO GOMES,137,EMEF. VERA CRUZ
